"Date","Time","Vial#","Spl#","#Reps","Sample ID","Type","Mode","Area(cts)","Mass(ugC)","Conc (PPM as mg/L C)","Method","InstrumentID","UserID","Comments",
"Nov 17, 2020","01:06:25 PM",-,1,1,"Clean Up","CleanUp","TC",3422.162,0.000,0.000,"DefaultCleanUpMethod","N221730082","toc","--"
"Nov 17, 2020","01:06:25 PM",-,1,"Avg","Clean Up","CleanUp","TC",3422.162,0.000,0.000,"DefaultCleanUpMethod","N221730082","toc","--"
"Nov 17, 2020","01:06:25 PM",-,1,"StDev","Clean Up","CleanUp","TC",0,0.000,0.000,"DefaultCleanUpMethod","N221730082","toc","--"
"Nov 17, 2020","01:06:25 PM",-,1,"%RSD","Clean Up","CleanUp","TC",0.00,0.000,0.000,"DefaultCleanUpMethod","N221730082","toc","--"
"Nov 17, 2020","01:29:37 PM",1,2,1,"DI Blank","Sample","TOC",2966.639,0.000,0.000,"Caddy_DOC - Feb 04, 2020; 11-47-40 AM","N221730082","toc","--"
"Nov 17, 2020","01:29:37 PM",1,2,"Avg","DI Blank","Sample","TOC",2966.639,0.000,0.000,"Caddy_DOC - Feb 04, 2020; 11-47-40 AM","N221730082","toc","--"
"Nov 17, 2020","01:29:37 PM",1,2,"StDev","DI Blank","Sample","TOC",0,0.000,0.000,"Caddy_DOC - Feb 04, 2020; 11-47-40 AM","N221730082","toc","--"
"Nov 17, 2020","01:29:37 PM",1,2,"%RSD","DI Blank","Sample","TOC",0.00,0.000,0.000,"Caddy_DOC - Feb 04, 2020; 11-47-40 AM","N221730082","toc","--"
"Nov 17, 2020","01:49:11 PM",2,3,1,"TOC CAL BLANK","Sample","TOC",3299.806,0.000,0.000,"Caddy_DOC - Feb 04, 2020; 11-47-40 AM","N221730082","toc","CAL"
"Nov 17, 2020","01:49:11 PM",2,3,"Avg","TOC CAL BLANK","Sample","TOC",3299.806,0.000,0.000,"Caddy_DOC - Feb 04, 2020; 11-47-40 AM","N221730082","toc","CAL"
"Nov 17, 2020","01:49:11 PM",2,3,"StDev","TOC CAL BLANK","Sample","TOC",0,0.000,0.000,"Caddy_DOC - Feb 04, 2020; 11-47-40 AM","N221730082","toc","CAL"
"Nov 17, 2020","01:49:11 PM",2,3,"%RSD","TOC CAL BLANK","Sample","TOC",0.00,0.000,0.000,"Caddy_DOC - Feb 04, 2020; 11-47-40 AM","N221730082","toc","CAL"
"Nov 17, 2020","02:08:54 PM",3,4,1,"TOC CAL#1","Sample","TOC",5586.026,0.000,0.000,"Caddy_DOC - Feb 04, 2020; 11-47-40 AM","N221730082","toc","CAL"
"Nov 17, 2020","02:08:53 PM",3,4,"Avg","TOC CAL#1","Sample","TOC",5586.026,0.000,0.000,"Caddy_DOC - Feb 04, 2020; 11-47-40 AM","N221730082","toc","CAL"
"Nov 17, 2020","02:08:53 PM",3,4,"StDev","TOC CAL#1","Sample","TOC",0,0.000,0.000,"Caddy_DOC - Feb 04, 2020; 11-47-40 AM","N221730082","toc","CAL"
"Nov 17, 2020","02:08:53 PM",3,4,"%RSD","TOC CAL#1","Sample","TOC",0.00,0.000,0.000,"Caddy_DOC - Feb 04, 2020; 11-47-40 AM","N221730082","toc","CAL"
"Nov 17, 2020","02:29:46 PM",4,5,1,"TOC CAL#2","Sample","TOC",15537.469,0.000,0.000,"Caddy_DOC - Feb 04, 2020; 11-47-40 AM","N221730082","toc","CAL"
"Nov 17, 2020","02:29:46 PM",4,5,"Avg","TOC CAL#2","Sample","TOC",15537.469,0.000,0.000,"Caddy_DOC - Feb 04, 2020; 11-47-40 AM","N221730082","toc","CAL"
"Nov 17, 2020","02:29:46 PM",4,5,"StDev","TOC CAL#2","Sample","TOC",0,0.000,0.000,"Caddy_DOC - Feb 04, 2020; 11-47-40 AM","N221730082","toc","CAL"
"Nov 17, 2020","02:29:46 PM",4,5,"%RSD","TOC CAL#2","Sample","TOC",0.00,0.000,0.000,"Caddy_DOC - Feb 04, 2020; 11-47-40 AM","N221730082","toc","CAL"
"Nov 17, 2020","02:52:49 PM",5,6,1,"TOC CAL#3","Sample","TOC",28071.857,0.000,0.000,"Caddy_DOC - Feb 04, 2020; 11-47-40 AM","N221730082","toc","CAL"
"Nov 17, 2020","02:52:49 PM",5,6,"Avg","TOC CAL#3","Sample","TOC",28071.857,0.000,0.000,"Caddy_DOC - Feb 04, 2020; 11-47-40 AM","N221730082","toc","CAL"
"Nov 17, 2020","02:52:49 PM",5,6,"StDev","TOC CAL#3","Sample","TOC",0,0.000,0.000,"Caddy_DOC - Feb 04, 2020; 11-47-40 AM","N221730082","toc","CAL"
"Nov 17, 2020","02:52:49 PM",5,6,"%RSD","TOC CAL#3","Sample","TOC",0.00,0.000,0.000,"Caddy_DOC - Feb 04, 2020; 11-47-40 AM","N221730082","toc","CAL"
"Nov 17, 2020","03:16:56 PM",6,7,1,"TOC CAL#4","Sample","TOC",121435.482,0.000,0.000,"Caddy_DOC - Feb 04, 2020; 11-47-40 AM","N221730082","toc","CAL"
"Nov 17, 2020","03:16:56 PM",6,7,"Avg","TOC CAL#4","Sample","TOC",121435.482,0.000,0.000,"Caddy_DOC - Feb 04, 2020; 11-47-40 AM","N221730082","toc","CAL"
"Nov 17, 2020","03:16:56 PM",6,7,"StDev","TOC CAL#4","Sample","TOC",0,0.000,0.000,"Caddy_DOC - Feb 04, 2020; 11-47-40 AM","N221730082","toc","CAL"
"Nov 17, 2020","03:16:56 PM",6,7,"%RSD","TOC CAL#4","Sample","TOC",0.00,0.000,0.000,"Caddy_DOC - Feb 04, 2020; 11-47-40 AM","N221730082","toc","CAL"
"Nov 17, 2020","03:43:58 PM",7,8,1,"TOC CAL#5","Sample","TOC",221252.850,0.000,0.000,"Caddy_DOC - Feb 04, 2020; 11-47-40 AM","N221730082","toc","CAL"
"Nov 17, 2020","03:43:58 PM",7,8,"Avg","TOC CAL#5","Sample","TOC",221252.850,0.000,0.000,"Caddy_DOC - Feb 04, 2020; 11-47-40 AM","N221730082","toc","CAL"
"Nov 17, 2020","03:43:58 PM",7,8,"StDev","TOC CAL#5","Sample","TOC",0,0.000,0.000,"Caddy_DOC - Feb 04, 2020; 11-47-40 AM","N221730082","toc","CAL"
"Nov 17, 2020","03:43:58 PM",7,8,"%RSD","TOC CAL#5","Sample","TOC",0.00,0.000,0.000,"Caddy_DOC - Feb 04, 2020; 11-47-40 AM","N221730082","toc","CAL"
"Nov 17, 2020","04:12:00 PM",8,9,1,"DI Blank","Sample","TOC",2545.422,0.000,0.000,"Caddy_DOC - Feb 04, 2020; 11-47-40 AM","N221730082","toc","--"
"Nov 17, 2020","04:12:00 PM",8,9,"Avg","DI Blank","Sample","TOC",2545.422,0.000,0.000,"Caddy_DOC - Feb 04, 2020; 11-47-40 AM","N221730082","toc","--"
"Nov 17, 2020","04:12:00 PM",8,9,"StDev","DI Blank","Sample","TOC",0,0.000,0.000,"Caddy_DOC - Feb 04, 2020; 11-47-40 AM","N221730082","toc","--"
"Nov 17, 2020","04:12:00 PM",8,9,"%RSD","DI Blank","Sample","TOC",0.00,0.000,0.000,"Caddy_DOC - Feb 04, 2020; 11-47-40 AM","N221730082","toc","--"
"Nov 17, 2020","04:31:12 PM",9,10,1,"MDL","Sample","TOC",10851.795,0.000,0.000,"Caddy_DOC - Feb 04, 2020; 11-47-40 AM","N221730082","toc","QC"
"Nov 17, 2020","04:31:12 PM",9,10,"Avg","MDL","Sample","TOC",10851.795,0.000,0.000,"Caddy_DOC - Feb 04, 2020; 11-47-40 AM","N221730082","toc","QC"
"Nov 17, 2020","04:31:12 PM",9,10,"StDev","MDL","Sample","TOC",0,0.000,0.000,"Caddy_DOC - Feb 04, 2020; 11-47-40 AM","N221730082","toc","QC"
"Nov 17, 2020","04:31:12 PM",9,10,"%RSD","MDL","Sample","TOC",0.00,0.000,0.000,"Caddy_DOC - Feb 04, 2020; 11-47-40 AM","N221730082","toc","QC"
"Nov 17, 2020","04:53:21 PM",10,11,1,"RMV","Sample","TOC",38786.066,0.000,0.000,"Caddy_DOC - Feb 04, 2020; 11-47-40 AM","N221730082","toc","QC"
"Nov 17, 2020","04:53:21 PM",10,11,"Avg","RMV","Sample","TOC",38786.066,0.000,0.000,"Caddy_DOC - Feb 04, 2020; 11-47-40 AM","N221730082","toc","QC"
"Nov 17, 2020","04:53:21 PM",10,11,"StDev","RMV","Sample","TOC",0,0.000,0.000,"Caddy_DOC - Feb 04, 2020; 11-47-40 AM","N221730082","toc","QC"
"Nov 17, 2020","04:53:21 PM",10,11,"%RSD","RMV","Sample","TOC",0.00,0.000,0.000,"Caddy_DOC - Feb 04, 2020; 11-47-40 AM","N221730082","toc","QC"
"Nov 17, 2020","05:18:06 PM",11,12,1,"LCS-01","Sample","TOC",39449.662,0.000,0.000,"Caddy_DOC - Feb 04, 2020; 11-47-40 AM","N221730082","toc","QC"
"Nov 17, 2020","05:18:06 PM",11,12,"Avg","LCS-01","Sample","TOC",39449.662,0.000,0.000,"Caddy_DOC - Feb 04, 2020; 11-47-40 AM","N221730082","toc","QC"
"Nov 17, 2020","05:18:06 PM",11,12,"StDev","LCS-01","Sample","TOC",0,0.000,0.000,"Caddy_DOC - Feb 04, 2020; 11-47-40 AM","N221730082","toc","QC"
"Nov 17, 2020","05:18:06 PM",11,12,"%RSD","LCS-01","Sample","TOC",0.00,0.000,0.000,"Caddy_DOC - Feb 04, 2020; 11-47-40 AM","N221730082","toc","QC"
"Nov 17, 2020","05:42:51 PM",12,13,1,"LCS-02","Sample","TOC",168709.941,0.000,0.000,"Caddy_DOC - Feb 04, 2020; 11-47-40 AM","N221730082","toc","QC"
"Nov 17, 2020","05:42:51 PM",12,13,"Avg","LCS-02","Sample","TOC",168709.941,0.000,0.000,"Caddy_DOC - Feb 04, 2020; 11-47-40 AM","N221730082","toc","QC"
"Nov 17, 2020","05:42:51 PM",12,13,"StDev","LCS-02","Sample","TOC",0,0.000,0.000,"Caddy_DOC - Feb 04, 2020; 11-47-40 AM","N221730082","toc","QC"
"Nov 17, 2020","05:42:51 PM",12,13,"%RSD","LCS-02","Sample","TOC",0.00,0.000,0.000,"Caddy_DOC - Feb 04, 2020; 11-47-40 AM","N221730082","toc","QC"
"Nov 17, 2020","06:10:15 PM",13,14,1,"DI Blank","Sample","TOC",2612.113,0.000,0.000,"Caddy_DOC - Feb 04, 2020; 11-47-40 AM","N221730082","toc","--"
"Nov 17, 2020","06:10:15 PM",13,14,"Avg","DI Blank","Sample","TOC",2612.113,0.000,0.000,"Caddy_DOC - Feb 04, 2020; 11-47-40 AM","N221730082","toc","--"
"Nov 17, 2020","06:10:15 PM",13,14,"StDev","DI Blank","Sample","TOC",0,0.000,0.000,"Caddy_DOC - Feb 04, 2020; 11-47-40 AM","N221730082","toc","--"
"Nov 17, 2020","06:10:15 PM",13,14,"%RSD","DI Blank","Sample","TOC",0.00,0.000,0.000,"Caddy_DOC - Feb 04, 2020; 11-47-40 AM","N221730082","toc","--"
"Nov 17, 2020","06:28:26 PM",14,15,1,"A053","Sample","TOC",172233.381,0.000,0.000,"Caddy_DOC - Feb 04, 2020; 11-47-40 AM","N221730082","toc","DOC"
"Nov 17, 2020","06:28:26 PM",14,15,"Avg","A053","Sample","TOC",172233.381,0.000,0.000,"Caddy_DOC - Feb 04, 2020; 11-47-40 AM","N221730082","toc","DOC"
"Nov 17, 2020","06:28:26 PM",14,15,"StDev","A053","Sample","TOC",0,0.000,0.000,"Caddy_DOC - Feb 04, 2020; 11-47-40 AM","N221730082","toc","DOC"
"Nov 17, 2020","06:28:26 PM",14,15,"%RSD","A053","Sample","TOC",0.00,0.000,0.000,"Caddy_DOC - Feb 04, 2020; 11-47-40 AM","N221730082","toc","DOC"
"Nov 17, 2020","06:56:12 PM",15,16,1,"A028","Sample","TOC",152639.326,0.000,0.000,"Caddy_DOC - Feb 04, 2020; 11-47-40 AM","N221730082","toc","DOC"
"Nov 17, 2020","06:56:12 PM",15,16,"Avg","A028","Sample","TOC",152639.326,0.000,0.000,"Caddy_DOC - Feb 04, 2020; 11-47-40 AM","N221730082","toc","DOC"
"Nov 17, 2020","06:56:12 PM",15,16,"StDev","A028","Sample","TOC",0,0.000,0.000,"Caddy_DOC - Feb 04, 2020; 11-47-40 AM","N221730082","toc","DOC"
"Nov 17, 2020","06:56:12 PM",15,16,"%RSD","A028","Sample","TOC",0.00,0.000,0.000,"Caddy_DOC - Feb 04, 2020; 11-47-40 AM","N221730082","toc","DOC"
"Nov 17, 2020","07:23:40 PM",16,17,1,"A066","Sample","TOC",126015.477,0.000,0.000,"Caddy_DOC - Feb 04, 2020; 11-47-40 AM","N221730082","toc","DOC"
"Nov 17, 2020","07:23:40 PM",16,17,"Avg","A066","Sample","TOC",126015.477,0.000,0.000,"Caddy_DOC - Feb 04, 2020; 11-47-40 AM","N221730082","toc","DOC"
"Nov 17, 2020","07:23:40 PM",16,17,"StDev","A066","Sample","TOC",0,0.000,0.000,"Caddy_DOC - Feb 04, 2020; 11-47-40 AM","N221730082","toc","DOC"
"Nov 17, 2020","07:23:40 PM",16,17,"%RSD","A066","Sample","TOC",0.00,0.000,0.000,"Caddy_DOC - Feb 04, 2020; 11-47-40 AM","N221730082","toc","DOC"
"Nov 17, 2020","07:50:44 PM",17,18,1,"A133","Sample","TOC",99020.026,0.000,0.000,"Caddy_DOC - Feb 04, 2020; 11-47-40 AM","N221730082","toc","DOC"
"Nov 17, 2020","07:50:44 PM",17,18,"Avg","A133","Sample","TOC",99020.026,0.000,0.000,"Caddy_DOC - Feb 04, 2020; 11-47-40 AM","N221730082","toc","DOC"
"Nov 17, 2020","07:50:44 PM",17,18,"StDev","A133","Sample","TOC",0,0.000,0.000,"Caddy_DOC - Feb 04, 2020; 11-47-40 AM","N221730082","toc","DOC"
"Nov 17, 2020","07:50:44 PM",17,18,"%RSD","A133","Sample","TOC",0.00,0.000,0.000,"Caddy_DOC - Feb 04, 2020; 11-47-40 AM","N221730082","toc","DOC"
"Nov 17, 2020","08:17:21 PM",18,19,1,"A134","Sample","TOC",179899.183,0.000,0.000,"Caddy_DOC - Feb 04, 2020; 11-47-40 AM","N221730082","toc","DOC"
"Nov 17, 2020","08:17:21 PM",18,19,"Avg","A134","Sample","TOC",179899.183,0.000,0.000,"Caddy_DOC - Feb 04, 2020; 11-47-40 AM","N221730082","toc","DOC"
"Nov 17, 2020","08:17:21 PM",18,19,"StDev","A134","Sample","TOC",0,0.000,0.000,"Caddy_DOC - Feb 04, 2020; 11-47-40 AM","N221730082","toc","DOC"
"Nov 17, 2020","08:17:21 PM",18,19,"%RSD","A134","Sample","TOC",0.00,0.000,0.000,"Caddy_DOC - Feb 04, 2020; 11-47-40 AM","N221730082","toc","DOC"
"Nov 17, 2020","08:45:08 PM",19,20,1,"A087","Sample","TOC",124199.710,0.000,0.000,"Caddy_DOC - Feb 04, 2020; 11-47-40 AM","N221730082","toc","DOC"
"Nov 17, 2020","08:45:08 PM",19,20,"Avg","A087","Sample","TOC",124199.710,0.000,0.000,"Caddy_DOC - Feb 04, 2020; 11-47-40 AM","N221730082","toc","DOC"
"Nov 17, 2020","08:45:08 PM",19,20,"StDev","A087","Sample","TOC",0,0.000,0.000,"Caddy_DOC - Feb 04, 2020; 11-47-40 AM","N221730082","toc","DOC"
"Nov 17, 2020","08:45:08 PM",19,20,"%RSD","A087","Sample","TOC",0.00,0.000,0.000,"Caddy_DOC - Feb 04, 2020; 11-47-40 AM","N221730082","toc","DOC"
"Nov 17, 2020","09:12:07 PM",20,21,1,"5mg/L Cane Sugar","Sample","TOC",122064.741,0.000,0.000,"Caddy_DOC - Feb 04, 2020; 11-47-40 AM","N221730082","toc","DOC"
"Nov 17, 2020","09:12:07 PM",20,21,"Avg","5mg/L Cane Sugar","Sample","TOC",122064.741,0.000,0.000,"Caddy_DOC - Feb 04, 2020; 11-47-40 AM","N221730082","toc","DOC"
"Nov 17, 2020","09:12:07 PM",20,21,"StDev","5mg/L Cane Sugar","Sample","TOC",0,0.000,0.000,"Caddy_DOC - Feb 04, 2020; 11-47-40 AM","N221730082","toc","DOC"
"Nov 17, 2020","09:12:07 PM",20,21,"%RSD","5mg/L Cane Sugar","Sample","TOC",0.00,0.000,0.000,"Caddy_DOC - Feb 04, 2020; 11-47-40 AM","N221730082","toc","DOC"
"Nov 17, 2020","09:39:07 PM",21,22,1,"5mg/L Cane Sugar","Sample","TOC",122001.181,0.000,0.000,"Caddy_DOC - Feb 04, 2020; 11-47-40 AM","N221730082","toc","DOC"
"Nov 17, 2020","09:39:07 PM",21,22,"Avg","5mg/L Cane Sugar","Sample","TOC",122001.181,0.000,0.000,"Caddy_DOC - Feb 04, 2020; 11-47-40 AM","N221730082","toc","DOC"
"Nov 17, 2020","09:39:07 PM",21,22,"StDev","5mg/L Cane Sugar","Sample","TOC",0,0.000,0.000,"Caddy_DOC - Feb 04, 2020; 11-47-40 AM","N221730082","toc","DOC"
"Nov 17, 2020","09:39:07 PM",21,22,"%RSD","5mg/L Cane Sugar","Sample","TOC",0.00,0.000,0.000,"Caddy_DOC - Feb 04, 2020; 11-47-40 AM","N221730082","toc","DOC"
"Nov 17, 2020","10:06:06 PM",22,23,1,"5mg/L Cane Sugar","Sample","TOC",121894.069,0.000,0.000,"Caddy_DOC - Feb 04, 2020; 11-47-40 AM","N221730082","toc","DOC"
"Nov 17, 2020","10:06:06 PM",22,23,"Avg","5mg/L Cane Sugar","Sample","TOC",121894.069,0.000,0.000,"Caddy_DOC - Feb 04, 2020; 11-47-40 AM","N221730082","toc","DOC"
"Nov 17, 2020","10:06:06 PM",22,23,"StDev","5mg/L Cane Sugar","Sample","TOC",0,0.000,0.000,"Caddy_DOC - Feb 04, 2020; 11-47-40 AM","N221730082","toc","DOC"
"Nov 17, 2020","10:06:06 PM",22,23,"%RSD","5mg/L Cane Sugar","Sample","TOC",0.00,0.000,0.000,"Caddy_DOC - Feb 04, 2020; 11-47-40 AM","N221730082","toc","DOC"
"Nov 17, 2020","10:32:58 PM",23,24,1,"LCS-01","Sample","TOC",39692.853,0.000,0.000,"Caddy_DOC - Feb 04, 2020; 11-47-40 AM","N221730082","toc","QC"
"Nov 17, 2020","10:32:58 PM",23,24,"Avg","LCS-01","Sample","TOC",39692.853,0.000,0.000,"Caddy_DOC - Feb 04, 2020; 11-47-40 AM","N221730082","toc","QC"
"Nov 17, 2020","10:32:58 PM",23,24,"StDev","LCS-01","Sample","TOC",0,0.000,0.000,"Caddy_DOC - Feb 04, 2020; 11-47-40 AM","N221730082","toc","QC"
"Nov 17, 2020","10:32:58 PM",23,24,"%RSD","LCS-01","Sample","TOC",0.00,0.000,0.000,"Caddy_DOC - Feb 04, 2020; 11-47-40 AM","N221730082","toc","QC"
"Nov 17, 2020","10:57:36 PM",24,25,1,"DI Blank","Sample","TOC",2685.195,0.000,0.000,"Caddy_DOC - Feb 04, 2020; 11-47-40 AM","N221730082","toc","--"
"Nov 17, 2020","10:57:36 PM",24,25,"Avg","DI Blank","Sample","TOC",2685.195,0.000,0.000,"Caddy_DOC - Feb 04, 2020; 11-47-40 AM","N221730082","toc","--"
"Nov 17, 2020","10:57:36 PM",24,25,"StDev","DI Blank","Sample","TOC",0,0.000,0.000,"Caddy_DOC - Feb 04, 2020; 11-47-40 AM","N221730082","toc","--"
"Nov 17, 2020","10:57:36 PM",24,25,"%RSD","DI Blank","Sample","TOC",0.00,0.000,0.000,"Caddy_DOC - Feb 04, 2020; 11-47-40 AM","N221730082","toc","--"
"Nov 17, 2020","11:14:52 PM",25,26,1,"A099","Sample","TOC",100231.570,0.000,0.000,"Caddy_DOC - Feb 04, 2020; 11-47-40 AM","N221730082","toc","DOC"
"Nov 17, 2020","11:14:52 PM",25,26,"Avg","A099","Sample","TOC",100231.570,0.000,0.000,"Caddy_DOC - Feb 04, 2020; 11-47-40 AM","N221730082","toc","DOC"
"Nov 17, 2020","11:14:52 PM",25,26,"StDev","A099","Sample","TOC",0,0.000,0.000,"Caddy_DOC - Feb 04, 2020; 11-47-40 AM","N221730082","toc","DOC"
"Nov 17, 2020","11:14:52 PM",25,26,"%RSD","A099","Sample","TOC",0.00,0.000,0.000,"Caddy_DOC - Feb 04, 2020; 11-47-40 AM","N221730082","toc","DOC"
"Nov 17, 2020","11:41:23 PM",26,27,1,"A111","Sample","TOC",126487.805,0.000,0.000,"Caddy_DOC - Feb 04, 2020; 11-47-40 AM","N221730082","toc","DOC"
"Nov 17, 2020","11:41:23 PM",26,27,"Avg","A111","Sample","TOC",126487.805,0.000,0.000,"Caddy_DOC - Feb 04, 2020; 11-47-40 AM","N221730082","toc","DOC"
"Nov 17, 2020","11:41:23 PM",26,27,"StDev","A111","Sample","TOC",0,0.000,0.000,"Caddy_DOC - Feb 04, 2020; 11-47-40 AM","N221730082","toc","DOC"
"Nov 17, 2020","11:41:23 PM",26,27,"%RSD","A111","Sample","TOC",0.00,0.000,0.000,"Caddy_DOC - Feb 04, 2020; 11-47-40 AM","N221730082","toc","DOC"
"Nov 18, 2020","12:08:24 AM",27,28,1,"A123","Sample","TOC",219513.220,0.000,0.000,"Caddy_DOC - Feb 04, 2020; 11-47-40 AM","N221730082","toc","DOC"
"Nov 18, 2020","12:08:24 AM",27,28,"Avg","A123","Sample","TOC",219513.220,0.000,0.000,"Caddy_DOC - Feb 04, 2020; 11-47-40 AM","N221730082","toc","DOC"
"Nov 18, 2020","12:08:24 AM",27,28,"StDev","A123","Sample","TOC",0,0.000,0.000,"Caddy_DOC - Feb 04, 2020; 11-47-40 AM","N221730082","toc","DOC"
"Nov 18, 2020","12:08:24 AM",27,28,"%RSD","A123","Sample","TOC",0.00,0.000,0.000,"Caddy_DOC - Feb 04, 2020; 11-47-40 AM","N221730082","toc","DOC"
"Nov 18, 2020","12:36:34 AM",28,29,1,"A135","Sample","TOC",188771.343,0.000,0.000,"Caddy_DOC - Feb 04, 2020; 11-47-40 AM","N221730082","toc","DOC"
"Nov 18, 2020","12:36:34 AM",28,29,"Avg","A135","Sample","TOC",188771.343,0.000,0.000,"Caddy_DOC - Feb 04, 2020; 11-47-40 AM","N221730082","toc","DOC"
"Nov 18, 2020","12:36:34 AM",28,29,"StDev","A135","Sample","TOC",0,0.000,0.000,"Caddy_DOC - Feb 04, 2020; 11-47-40 AM","N221730082","toc","DOC"
"Nov 18, 2020","12:36:34 AM",28,29,"%RSD","A135","Sample","TOC",0.00,0.000,0.000,"Caddy_DOC - Feb 04, 2020; 11-47-40 AM","N221730082","toc","DOC"
"Nov 18, 2020","01:04:31 AM",29,30,1,"A124","Sample","TOC",170061.807,0.000,0.000,"Caddy_DOC - Feb 04, 2020; 11-47-40 AM","N221730082","toc","DOC"
"Nov 18, 2020","01:04:30 AM",29,30,"Avg","A124","Sample","TOC",170061.807,0.000,0.000,"Caddy_DOC - Feb 04, 2020; 11-47-40 AM","N221730082","toc","DOC"
"Nov 18, 2020","01:04:30 AM",29,30,"StDev","A124","Sample","TOC",0,0.000,0.000,"Caddy_DOC - Feb 04, 2020; 11-47-40 AM","N221730082","toc","DOC"
"Nov 18, 2020","01:04:30 AM",29,30,"%RSD","A124","Sample","TOC",0.00,0.000,0.000,"Caddy_DOC - Feb 04, 2020; 11-47-40 AM","N221730082","toc","DOC"
"Nov 18, 2020","01:32:08 AM",30,31,1,"A136","Sample","TOC",143233.018,0.000,0.000,"Caddy_DOC - Feb 04, 2020; 11-47-40 AM","N221730082","toc","DOC"
"Nov 18, 2020","01:32:08 AM",30,31,"Avg","A136","Sample","TOC",143233.018,0.000,0.000,"Caddy_DOC - Feb 04, 2020; 11-47-40 AM","N221730082","toc","DOC"
"Nov 18, 2020","01:32:08 AM",30,31,"StDev","A136","Sample","TOC",0,0.000,0.000,"Caddy_DOC - Feb 04, 2020; 11-47-40 AM","N221730082","toc","DOC"
"Nov 18, 2020","01:32:08 AM",30,31,"%RSD","A136","Sample","TOC",0.00,0.000,0.000,"Caddy_DOC - Feb 04, 2020; 11-47-40 AM","N221730082","toc","DOC"
"Nov 18, 2020","01:59:27 AM",31,32,1,"5mg/L Cane Sugar","Sample","TOC",121995.384,0.000,0.000,"Caddy_DOC - Feb 04, 2020; 11-47-40 AM","N221730082","toc","DOC"
"Nov 18, 2020","01:59:27 AM",31,32,"Avg","5mg/L Cane Sugar","Sample","TOC",121995.384,0.000,0.000,"Caddy_DOC - Feb 04, 2020; 11-47-40 AM","N221730082","toc","DOC"
"Nov 18, 2020","01:59:27 AM",31,32,"StDev","5mg/L Cane Sugar","Sample","TOC",0,0.000,0.000,"Caddy_DOC - Feb 04, 2020; 11-47-40 AM","N221730082","toc","DOC"
"Nov 18, 2020","01:59:27 AM",31,32,"%RSD","5mg/L Cane Sugar","Sample","TOC",0.00,0.000,0.000,"Caddy_DOC - Feb 04, 2020; 11-47-40 AM","N221730082","toc","DOC"
"Nov 18, 2020","02:26:26 AM",32,33,1,"5mg/L Cane Sugar","Sample","TOC",121855.027,0.000,0.000,"Caddy_DOC - Feb 04, 2020; 11-47-40 AM","N221730082","toc","DOC"
"Nov 18, 2020","02:26:26 AM",32,33,"Avg","5mg/L Cane Sugar","Sample","TOC",121855.027,0.000,0.000,"Caddy_DOC - Feb 04, 2020; 11-47-40 AM","N221730082","toc","DOC"
"Nov 18, 2020","02:26:26 AM",32,33,"StDev","5mg/L Cane Sugar","Sample","TOC",0,0.000,0.000,"Caddy_DOC - Feb 04, 2020; 11-47-40 AM","N221730082","toc","DOC"
"Nov 18, 2020","02:26:26 AM",32,33,"%RSD","5mg/L Cane Sugar","Sample","TOC",0.00,0.000,0.000,"Caddy_DOC - Feb 04, 2020; 11-47-40 AM","N221730082","toc","DOC"
"Nov 18, 2020","02:53:23 AM",33,34,1,"5mg/L Cane Sugar","Sample","TOC",122046.655,0.000,0.000,"Caddy_DOC - Feb 04, 2020; 11-47-40 AM","N221730082","toc","DOC"
"Nov 18, 2020","02:53:23 AM",33,34,"Avg","5mg/L Cane Sugar","Sample","TOC",122046.655,0.000,0.000,"Caddy_DOC - Feb 04, 2020; 11-47-40 AM","N221730082","toc","DOC"
"Nov 18, 2020","02:53:23 AM",33,34,"StDev","5mg/L Cane Sugar","Sample","TOC",0,0.000,0.000,"Caddy_DOC - Feb 04, 2020; 11-47-40 AM","N221730082","toc","DOC"
"Nov 18, 2020","02:53:23 AM",33,34,"%RSD","5mg/L Cane Sugar","Sample","TOC",0.00,0.000,0.000,"Caddy_DOC - Feb 04, 2020; 11-47-40 AM","N221730082","toc","DOC"
"Nov 18, 2020","03:20:15 AM",34,35,1,"DI Blank","Sample","TOC",2904.768,0.000,0.000,"Caddy_DOC - Feb 04, 2020; 11-47-40 AM","N221730082","toc","--"
"Nov 18, 2020","03:20:15 AM",34,35,"Avg","DI Blank","Sample","TOC",2904.768,0.000,0.000,"Caddy_DOC - Feb 04, 2020; 11-47-40 AM","N221730082","toc","--"
"Nov 18, 2020","03:20:15 AM",34,35,"StDev","DI Blank","Sample","TOC",0,0.000,0.000,"Caddy_DOC - Feb 04, 2020; 11-47-40 AM","N221730082","toc","--"
"Nov 18, 2020","03:20:15 AM",34,35,"%RSD","DI Blank","Sample","TOC",0.00,0.000,0.000,"Caddy_DOC - Feb 04, 2020; 11-47-40 AM","N221730082","toc","--"
"Nov 18, 2020","03:32:20 AM",-,36,1,"Clean Up","CleanUp","TC",2717.531,0.000,0.000,"DefaultCleanUpMethod","N221730082","toc","--"
"Nov 18, 2020","03:32:20 AM",-,36,"Avg","Clean Up","CleanUp","TC",2717.531,0.000,0.000,"DefaultCleanUpMethod","N221730082","toc","--"
"Nov 18, 2020","03:32:20 AM",-,36,"StDev","Clean Up","CleanUp","TC",0,0.000,0.000,"DefaultCleanUpMethod","N221730082","toc","--"
"Nov 18, 2020","03:32:20 AM",-,36,"%RSD","Clean Up","CleanUp","TC",0.00,0.000,0.000,"DefaultCleanUpMethod","N221730082","toc","--"
